<?xml version="1.0" encoding="UTF-8"?>

<ImplementationGuide xmlns="http://hl7.org/fhir">
  <id value="hl7.fhir.uv.fhircast"/>
  <text>
    <status value="extensions"/><div xmlns="http://www.w3.org/1999/xhtml"><h2>FHIRcast</h2><p>The official URL for this implementation guide is: </p><pre>http://hl7.org/fhir/fhircast/ImplementationGuide/hl7.fhir.uv.fhircast</pre></div>
  </text>
  <url value="http://hl7.org/fhir/fhircast/ImplementationGuide/hl7.fhir.uv.fhircast"/>
  <version value="current"/>
  <name value="FHIRcast"/>
  <status value="draft"/>
  <date value="2022-02-02T17:36:49-05:00"/>
  <publisher value="FHIR InM"/>
  <contact>
    <name value="FHIR InM"/>
    <telecom>
      <system value="url"/>
      <value value="http://hl7.org"/>
    </telecom>
  </contact>
  <packageId value="hl7.fhir.uv.fhircast"/>
  <license value="CC0-1.0"/>
  <fhirVersion value="4.0.1"/>
  <definition>
    <extension url="http://hl7.org/fhir/tools/StructureDefinition/ig-parameter">
      <extension url="code">
        <valueString value="copyrightyear"/>
      </extension>
      <extension url="value">
        <valueString value="2021+"/>
      </extension>
    </extension>
    <extension url="http://hl7.org/fhir/tools/StructureDefinition/ig-parameter">
      <extension url="code">
        <valueString value="releaselabel"/>
      </extension>
      <extension url="value">
        <valueString value="ci-build"/>
      </extension>
    </extension>
    <extension url="http://hl7.org/fhir/tools/StructureDefinition/ig-parameter">
      <extension url="code">
        <valueString value="path-history"/>
      </extension>
      <extension url="value">
        <valueString value="http://hl7.org/fhir/fhircast/history.html"/>
      </extension>
    </extension>
    <extension url="http://hl7.org/fhir/tools/StructureDefinition/ig-parameter">
      <extension url="code">
        <valueString value="path-liquid"/>
      </extension>
      <extension url="value">
        <valueString value="template/liquid"/>
      </extension>
    </extension>
    <extension url="http://hl7.org/fhir/tools/StructureDefinition/ig-parameter">
      <extension url="code">
        <valueString value="path-liquid"/>
      </extension>
      <extension url="value">
        <valueString value="input/liquid"/>
      </extension>
    </extension>
    <extension url="http://hl7.org/fhir/tools/StructureDefinition/ig-parameter">
      <extension url="code">
        <valueString value="path-qa"/>
      </extension>
      <extension url="value">
        <valueString value="temp/qa"/>
      </extension>
    </extension>
    <extension url="http://hl7.org/fhir/tools/StructureDefinition/ig-parameter">
      <extension url="code">
        <valueString value="path-temp"/>
      </extension>
      <extension url="value">
        <valueString value="temp/pages"/>
      </extension>
    </extension>
    <extension url="http://hl7.org/fhir/tools/StructureDefinition/ig-parameter">
      <extension url="code">
        <valueString value="path-output"/>
      </extension>
      <extension url="value">
        <valueString value="output"/>
      </extension>
    </extension>
    <extension url="http://hl7.org/fhir/tools/StructureDefinition/ig-parameter">
      <extension url="code">
        <valueString value="path-suppressed-warnings"/>
      </extension>
      <extension url="value">
        <valueString value="input/ignoreWarnings.txt"/>
      </extension>
    </extension>
    <extension url="http://hl7.org/fhir/tools/StructureDefinition/ig-parameter">
      <extension url="code">
        <valueString value="template-html"/>
      </extension>
      <extension url="value">
        <valueString value="template-page.html"/>
      </extension>
    </extension>
    <extension url="http://hl7.org/fhir/tools/StructureDefinition/ig-parameter">
      <extension url="code">
        <valueString value="template-md"/>
      </extension>
      <extension url="value">
        <valueString value="template-page-md.html"/>
      </extension>
    </extension>
    <extension url="http://hl7.org/fhir/tools/StructureDefinition/ig-parameter">
      <extension url="code">
        <valueString value="apply-contact"/>
      </extension>
      <extension url="value">
        <valueString value="true"/>
      </extension>
    </extension>
    <extension url="http://hl7.org/fhir/tools/StructureDefinition/ig-parameter">
      <extension url="code">
        <valueString value="apply-context"/>
      </extension>
      <extension url="value">
        <valueString value="true"/>
      </extension>
    </extension>
    <extension url="http://hl7.org/fhir/tools/StructureDefinition/ig-parameter">
      <extension url="code">
        <valueString value="apply-copyright"/>
      </extension>
      <extension url="value">
        <valueString value="true"/>
      </extension>
    </extension>
    <extension url="http://hl7.org/fhir/tools/StructureDefinition/ig-parameter">
      <extension url="code">
        <valueString value="apply-jurisdiction"/>
      </extension>
      <extension url="value">
        <valueString value="true"/>
      </extension>
    </extension>
    <extension url="http://hl7.org/fhir/tools/StructureDefinition/ig-parameter">
      <extension url="code">
        <valueString value="apply-license"/>
      </extension>
      <extension url="value">
        <valueString value="true"/>
      </extension>
    </extension>
    <extension url="http://hl7.org/fhir/tools/StructureDefinition/ig-parameter">
      <extension url="code">
        <valueString value="apply-publisher"/>
      </extension>
      <extension url="value">
        <valueString value="true"/>
      </extension>
    </extension>
    <extension url="http://hl7.org/fhir/tools/StructureDefinition/ig-parameter">
      <extension url="code">
        <valueString value="apply-version"/>
      </extension>
      <extension url="value">
        <valueString value="true"/>
      </extension>
    </extension>
    <extension url="http://hl7.org/fhir/tools/StructureDefinition/ig-parameter">
      <extension url="code">
        <valueString value="active-tables"/>
      </extension>
      <extension url="value">
        <valueString value="true"/>
      </extension>
    </extension>
    <resource>
      <extension url="http://hl7.org/fhir/tools/StructureDefinition/resource-information">
        <valueString value="StructureDefinition:resource"/>
      </extension>
      <reference>
        <reference value="StructureDefinition/FHIRcastCapabilityStatement"/>
      </reference>
      <name value="FHIRcastCapabilityStatement"/>
      <description value="CapabilityStatment stating support for FHIRcast."/>
      <exampleBoolean value="false"/>
    </resource>
    <resource>
      <extension url="http://hl7.org/fhir/tools/StructureDefinition/resource-information">
        <valueString value="StructureDefinition:resource"/>
      </extension>
      <reference>
        <reference value="StructureDefinition/fhircast-observation"/>
      </reference>
      <name value="FHIRcast Observation"/>
      <description value="Defines the minimum set of attributes which an application wanting to share observation content must support"/>
      <exampleBoolean value="false"/>
    </resource>
    <resource>
      <extension url="http://hl7.org/fhir/tools/StructureDefinition/resource-information">
        <valueString value="StructureDefinition:extension"/>
      </extension>
      <reference>
        <reference value="StructureDefinition/fhircast-configuration-extensions"/>
      </reference>
      <name value="Extension stating the location of the FHIRcast hub."/>
      <exampleBoolean value="false"/>
    </resource>
    <page>
      <nameUrl value="toc.html"/>
      <title value="Table of Contents"/>
      <generation value="html"/>
      <page>
        <nameUrl value="index.html"/>
        <title value="Introduction"/>
        <generation value="markdown"/>
      </page>
      <page>
        <nameUrl value="2_specification.html"/>
        <title value="FHIRcast specification"/>
        <generation value="markdown"/>
        <page>
          <nameUrl value="2-1-EventDefinition.html"/>
          <title value="Event Definition"/>
          <generation value="markdown"/>
        </page>
        <page>
          <nameUrl value="2-2-fhircastSmartScopes.html"/>
          <title value="FHIRcast SMART scopes"/>
          <generation value="markdown"/>
        </page>
        <page>
          <nameUrl value="2-3-subscribing.html"/>
          <title value="Subscribing and unsubscribing"/>
          <generation value="markdown"/>
        </page>
        <page>
          <nameUrl value="2-4-eventNotification.html"/>
          <title value="Event notification"/>
          <generation value="markdown"/>
        </page>
        <page>
          <nameUrl value="2-5-requestContextChange.html"/>
          <title value="Request Context Change"/>
          <generation value="markdown"/>
        </page>
        <page>
          <nameUrl value="2-6-conformance.html"/>
          <title value="Conformance"/>
          <generation value="markdown"/>
        </page>
      </page>
      <page>
        <nameUrl value="3_events.html"/>
        <title value="Event library"/>
        <generation value="markdown"/>
        <page>
          <nameUrl value="3-0-EventMaturityModel.html"/>
          <title value="Event maturity model"/>
          <generation value="markdown"/>
        </page>
        <page>
          <nameUrl value="3-1-template.html"/>
          <title value="Event template"/>
          <generation value="markdown"/>
        </page>
        <page>
          <nameUrl value="3-2-patient-open.html"/>
          <title value="Patient open event"/>
          <generation value="markdown"/>
        </page>
        <page>
          <nameUrl value="3-3-patient-close.html"/>
          <title value="Patient close event"/>
          <generation value="markdown"/>
        </page>
        <page>
          <nameUrl value="3-4-encounter-open.html"/>
          <title value="Encounter open event"/>
          <generation value="markdown"/>
        </page>
        <page>
          <nameUrl value="3-5-encounter-close.html"/>
          <title value="Encounter close event"/>
          <generation value="markdown"/>
        </page>
        <page>
          <nameUrl value="3-6-imagingstudy-open.html"/>
          <title value="ImagingStudy open event"/>
          <generation value="markdown"/>
        </page>
        <page>
          <nameUrl value="3-7-imagingstudy-close.html"/>
          <title value="ImagingStudy close event"/>
          <generation value="markdown"/>
        </page>
        <page>
          <nameUrl value="3-8-syncerror.html"/>
          <title value="Sync error event"/>
          <generation value="markdown"/>
        </page>
        <page>
          <nameUrl value="3-9-userlogout.html"/>
          <title value="User logout event"/>
          <generation value="markdown"/>
        </page>
        <page>
          <nameUrl value="3-10-userhibernate.html"/>
          <title value="User hibernate event"/>
          <generation value="markdown"/>
        </page>
        <page>
          <nameUrl value="3-11-heartbeat.html"/>
          <title value="Heartbeat event"/>
          <generation value="markdown"/>
        </page>
        <page>
          <nameUrl value="3-12-diagnosticreport-open.html"/>
          <title value="DiagnosticReport-open Event"/>
          <generation value="markdown"/>
        </page>
        <page>
          <nameUrl value="3-13-diagnosticreport-update.html"/>
          <title value="DiagnosticReport-update Event"/>
          <generation value="markdown"/>
        </page>
        <page>
          <nameUrl value="3-14-diagnosticreport-close.html"/>
          <title value="DiagnosticReport-close Event"/>
          <generation value="markdown"/>
        </page>
        <page>
          <nameUrl value="3-15-diagnosticreport-select.html"/>
          <title value="DiagnosticReport-select Event"/>
          <generation value="markdown"/>
        </page>
        <page>
          <nameUrl value="3-16-get-context.html"/>
          <title value="Get Current Context Request"/>
          <generation value="markdown"/>
        </page>
      </page>
      <page>
        <nameUrl value="4_scenarios.html"/>
        <title value="Scenario&#39;s"/>
        <generation value="markdown"/>
        <page>
          <nameUrl value="4-1-launch-scenarios.html"/>
          <title value="App launch scenarios and session discovery"/>
          <generation value="markdown"/>
        </page>
        <page>
          <nameUrl value="4-2-syncconsiderations.html"/>
          <title value="Synchronization considerations"/>
          <generation value="markdown"/>
        </page>
        <page>
          <nameUrl value="4-3-security-considerations.html"/>
          <title value="Security considerations"/>
          <generation value="markdown"/>
        </page>
        <page>
          <nameUrl value="4-4-multitab-considerations.html"/>
          <title value="Multi-tab considerations"/>
          <generation value="markdown"/>
        </page>
        <page>
          <nameUrl value="4-5-multi-anchor-considerations.html"/>
          <title value="Multi-anchor considerations"/>
          <generation value="markdown"/>
        </page>
      </page>
      <page>
        <nameUrl value="5_content-sharing.html"/>
        <title value="Content Sharing"/>
        <generation value="markdown"/>
      </page>
      <page>
        <nameUrl value="6_glossary.html"/>
        <title value="Glossary"/>
        <generation value="markdown"/>
      </page>
      <page>
        <nameUrl value="7_change-log.html"/>
        <title value="Change log"/>
        <generation value="markdown"/>
      </page>
      <page>
        <nameUrl value="8_open-issues.html"/>
        <title value="Open Issues"/>
        <generation value="markdown"/>
      </page>
    </page>
    <parameter>
      <code value="path-resource"/>
      <value value="input/capabilities"/>
    </parameter>
    <parameter>
      <code value="path-resource"/>
      <value value="input/examples"/>
    </parameter>
    <parameter>
      <code value="path-resource"/>
      <value value="input/extensions"/>
    </parameter>
    <parameter>
      <code value="path-resource"/>
      <value value="input/models"/>
    </parameter>
    <parameter>
      <code value="path-resource"/>
      <value value="input/operations"/>
    </parameter>
    <parameter>
      <code value="path-resource"/>
      <value value="input/profiles"/>
    </parameter>
    <parameter>
      <code value="path-resource"/>
      <value value="input/resources"/>
    </parameter>
    <parameter>
      <code value="path-resource"/>
      <value value="input/vocabulary"/>
    </parameter>
    <parameter>
      <code value="path-resource"/>
      <value value="input/maps"/>
    </parameter>
    <parameter>
      <code value="path-resource"/>
      <value value="input/testing"/>
    </parameter>
    <parameter>
      <code value="path-resource"/>
      <value value="input/history"/>
    </parameter>
    <parameter>
      <code value="path-resource"/>
      <value value="fsh-generated/resources"/>
    </parameter>
    <parameter>
      <code value="path-pages"/>
      <value value="template/config"/>
    </parameter>
    <parameter>
      <code value="path-pages"/>
      <value value="input/images"/>
    </parameter>
    <parameter>
      <code value="path-tx-cache"/>
      <value value="input-cache/txcache"/>
    </parameter>
  </definition>
</ImplementationGuide>