{
  "resourceType": "ImplementationGuide",
  "id": "hl7.fhir.uv.fhircast",
  "text": {
    "status": "extensions",
    "div": "<div xmlns=\"http://www.w3.org/1999/xhtml\"><h2>FHIRcast</h2><p>The official URL for this implementation guide is: </p><pre>http://hl7.org/fhir/fhircast/ImplementationGuide/hl7.fhir.uv.fhircast</pre></div>"
  },
  "url": "http://hl7.org/fhir/fhircast/ImplementationGuide/hl7.fhir.uv.fhircast",
  "version": "current",
  "name": "FHIRcast",
  "status": "draft",
  "date": "2022-02-02T17:36:49-05:00",
  "publisher": "FHIR InM",
  "contact": [
    {
      "name": "FHIR InM",
      "telecom": [
        {
          "system": "url",
          "value": "http://hl7.org"
        }
      ]
    }
  ],
  "packageId": "hl7.fhir.uv.fhircast",
  "license": "CC0-1.0",
  "fhirVersion": [
    "4.0.1"
  ],
  "definition": {
    "extension": [
      {
        "extension": [
          {
            "url": "code",
            "valueString": "copyrightyear"
          },
          {
            "url": "value",
            "valueString": "2021+"
          }
        ],
        "url": "http://hl7.org/fhir/tools/StructureDefinition/ig-parameter"
      },
      {
        "extension": [
          {
            "url": "code",
            "valueString": "releaselabel"
          },
          {
            "url": "value",
            "valueString": "ci-build"
          }
        ],
        "url": "http://hl7.org/fhir/tools/StructureDefinition/ig-parameter"
      },
      {
        "extension": [
          {
            "url": "code",
            "valueString": "path-history"
          },
          {
            "url": "value",
            "valueString": "http://hl7.org/fhir/fhircast/history.html"
          }
        ],
        "url": "http://hl7.org/fhir/tools/StructureDefinition/ig-parameter"
      },
      {
        "extension": [
          {
            "url": "code",
            "valueString": "path-liquid"
          },
          {
            "url": "value",
            "valueString": "template/liquid"
          }
        ],
        "url": "http://hl7.org/fhir/tools/StructureDefinition/ig-parameter"
      },
      {
        "extension": [
          {
            "url": "code",
            "valueString": "path-liquid"
          },
          {
            "url": "value",
            "valueString": "input/liquid"
          }
        ],
        "url": "http://hl7.org/fhir/tools/StructureDefinition/ig-parameter"
      },
      {
        "extension": [
          {
            "url": "code",
            "valueString": "path-qa"
          },
          {
            "url": "value",
            "valueString": "temp/qa"
          }
        ],
        "url": "http://hl7.org/fhir/tools/StructureDefinition/ig-parameter"
      },
      {
        "extension": [
          {
            "url": "code",
            "valueString": "path-temp"
          },
          {
            "url": "value",
            "valueString": "temp/pages"
          }
        ],
        "url": "http://hl7.org/fhir/tools/StructureDefinition/ig-parameter"
      },
      {
        "extension": [
          {
            "url": "code",
            "valueString": "path-output"
          },
          {
            "url": "value",
            "valueString": "output"
          }
        ],
        "url": "http://hl7.org/fhir/tools/StructureDefinition/ig-parameter"
      },
      {
        "extension": [
          {
            "url": "code",
            "valueString": "path-suppressed-warnings"
          },
          {
            "url": "value",
            "valueString": "input/ignoreWarnings.txt"
          }
        ],
        "url": "http://hl7.org/fhir/tools/StructureDefinition/ig-parameter"
      },
      {
        "extension": [
          {
            "url": "code",
            "valueString": "template-html"
          },
          {
            "url": "value",
            "valueString": "template-page.html"
          }
        ],
        "url": "http://hl7.org/fhir/tools/StructureDefinition/ig-parameter"
      },
      {
        "extension": [
          {
            "url": "code",
            "valueString": "template-md"
          },
          {
            "url": "value",
            "valueString": "template-page-md.html"
          }
        ],
        "url": "http://hl7.org/fhir/tools/StructureDefinition/ig-parameter"
      },
      {
        "extension": [
          {
            "url": "code",
            "valueString": "apply-contact"
          },
          {
            "url": "value",
            "valueString": "true"
          }
        ],
        "url": "http://hl7.org/fhir/tools/StructureDefinition/ig-parameter"
      },
      {
        "extension": [
          {
            "url": "code",
            "valueString": "apply-context"
          },
          {
            "url": "value",
            "valueString": "true"
          }
        ],
        "url": "http://hl7.org/fhir/tools/StructureDefinition/ig-parameter"
      },
      {
        "extension": [
          {
            "url": "code",
            "valueString": "apply-copyright"
          },
          {
            "url": "value",
            "valueString": "true"
          }
        ],
        "url": "http://hl7.org/fhir/tools/StructureDefinition/ig-parameter"
      },
      {
        "extension": [
          {
            "url": "code",
            "valueString": "apply-jurisdiction"
          },
          {
            "url": "value",
            "valueString": "true"
          }
        ],
        "url": "http://hl7.org/fhir/tools/StructureDefinition/ig-parameter"
      },
      {
        "extension": [
          {
            "url": "code",
            "valueString": "apply-license"
          },
          {
            "url": "value",
            "valueString": "true"
          }
        ],
        "url": "http://hl7.org/fhir/tools/StructureDefinition/ig-parameter"
      },
      {
        "extension": [
          {
            "url": "code",
            "valueString": "apply-publisher"
          },
          {
            "url": "value",
            "valueString": "true"
          }
        ],
        "url": "http://hl7.org/fhir/tools/StructureDefinition/ig-parameter"
      },
      {
        "extension": [
          {
            "url": "code",
            "valueString": "apply-version"
          },
          {
            "url": "value",
            "valueString": "true"
          }
        ],
        "url": "http://hl7.org/fhir/tools/StructureDefinition/ig-parameter"
      },
      {
        "extension": [
          {
            "url": "code",
            "valueString": "active-tables"
          },
          {
            "url": "value",
            "valueString": "true"
          }
        ],
        "url": "http://hl7.org/fhir/tools/StructureDefinition/ig-parameter"
      }
    ],
    "resource": [
      {
        "extension": [
          {
            "url": "http://hl7.org/fhir/tools/StructureDefinition/resource-information",
            "valueString": "StructureDefinition:resource"
          }
        ],
        "reference": {
          "reference": "StructureDefinition/FHIRcastCapabilityStatement"
        },
        "name": "FHIRcastCapabilityStatement",
        "description": "CapabilityStatment stating support for FHIRcast.",
        "exampleBoolean": false
      },
      {
        "extension": [
          {
            "url": "http://hl7.org/fhir/tools/StructureDefinition/resource-information",
            "valueString": "StructureDefinition:resource"
          }
        ],
        "reference": {
          "reference": "StructureDefinition/fhircast-observation"
        },
        "name": "FHIRcast Observation",
        "description": "Defines the minimum set of attributes which an application wanting to share observation content must support",
        "exampleBoolean": false
      },
      {
        "extension": [
          {
            "url": "http://hl7.org/fhir/tools/StructureDefinition/resource-information",
            "valueString": "StructureDefinition:extension"
          }
        ],
        "reference": {
          "reference": "StructureDefinition/fhircast-configuration-extensions"
        },
        "name": "Extension stating the location of the FHIRcast hub.",
        "exampleBoolean": false
      }
    ],
    "page": {
      "nameUrl": "toc.html",
      "title": "Table of Contents",
      "generation": "html",
      "page": [
        {
          "nameUrl": "index.html",
          "title": "Introduction",
          "generation": "markdown"
        },
        {
          "nameUrl": "2_specification.html",
          "title": "FHIRcast specification",
          "generation": "markdown",
          "page": [
            {
              "nameUrl": "2-1-EventDefinition.html",
              "title": "Event Definition",
              "generation": "markdown"
            },
            {
              "nameUrl": "2-2-fhircastSmartScopes.html",
              "title": "FHIRcast SMART scopes",
              "generation": "markdown"
            },
            {
              "nameUrl": "2-3-subscribing.html",
              "title": "Subscribing and unsubscribing",
              "generation": "markdown"
            },
            {
              "nameUrl": "2-4-eventNotification.html",
              "title": "Event notification",
              "generation": "markdown"
            },
            {
              "nameUrl": "2-5-requestContextChange.html",
              "title": "Request Context Change",
              "generation": "markdown"
            },
            {
              "nameUrl": "2-6-conformance.html",
              "title": "Conformance",
              "generation": "markdown"
            }
          ]
        },
        {
          "nameUrl": "3_events.html",
          "title": "Event library",
          "generation": "markdown",
          "page": [
            {
              "nameUrl": "3-0-EventMaturityModel.html",
              "title": "Event maturity model",
              "generation": "markdown"
            },
            {
              "nameUrl": "3-1-template.html",
              "title": "Event template",
              "generation": "markdown"
            },
            {
              "nameUrl": "3-2-patient-open.html",
              "title": "Patient open event",
              "generation": "markdown"
            },
            {
              "nameUrl": "3-3-patient-close.html",
              "title": "Patient close event",
              "generation": "markdown"
            },
            {
              "nameUrl": "3-4-encounter-open.html",
              "title": "Encounter open event",
              "generation": "markdown"
            },
            {
              "nameUrl": "3-5-encounter-close.html",
              "title": "Encounter close event",
              "generation": "markdown"
            },
            {
              "nameUrl": "3-6-imagingstudy-open.html",
              "title": "ImagingStudy open event",
              "generation": "markdown"
            },
            {
              "nameUrl": "3-7-imagingstudy-close.html",
              "title": "ImagingStudy close event",
              "generation": "markdown"
            },
            {
              "nameUrl": "3-8-syncerror.html",
              "title": "Sync error event",
              "generation": "markdown"
            },
            {
              "nameUrl": "3-9-userlogout.html",
              "title": "User logout event",
              "generation": "markdown"
            },
            {
              "nameUrl": "3-10-userhibernate.html",
              "title": "User hibernate event",
              "generation": "markdown"
            },
            {
              "nameUrl": "3-11-heartbeat.html",
              "title": "Heartbeat event",
              "generation": "markdown"
            },
            {
              "nameUrl": "3-12-diagnosticreport-open.html",
              "title": "DiagnosticReport-open Event",
              "generation": "markdown"
            },
            {
              "nameUrl": "3-13-diagnosticreport-update.html",
              "title": "DiagnosticReport-update Event",
              "generation": "markdown"
            },
            {
              "nameUrl": "3-14-diagnosticreport-close.html",
              "title": "DiagnosticReport-close Event",
              "generation": "markdown"
            },
            {
              "nameUrl": "3-15-diagnosticreport-select.html",
              "title": "DiagnosticReport-select Event",
              "generation": "markdown"
            },
            {
              "nameUrl": "3-16-get-context.html",
              "title": "Get Current Context Request",
              "generation": "markdown"
            }
          ]
        },
        {
          "nameUrl": "4_scenarios.html",
          "title": "Scenario's",
          "generation": "markdown",
          "page": [
            {
              "nameUrl": "4-1-launch-scenarios.html",
              "title": "App launch scenarios and session discovery",
              "generation": "markdown"
            },
            {
              "nameUrl": "4-2-syncconsiderations.html",
              "title": "Synchronization considerations",
              "generation": "markdown"
            },
            {
              "nameUrl": "4-3-security-considerations.html",
              "title": "Security considerations",
              "generation": "markdown"
            },
            {
              "nameUrl": "4-4-multitab-considerations.html",
              "title": "Multi-tab considerations",
              "generation": "markdown"
            },
            {
              "nameUrl": "4-5-multi-anchor-considerations.html",
              "title": "Multi-anchor considerations",
              "generation": "markdown"
            }
          ]
        },
        {
          "nameUrl": "5_content-sharing.html",
          "title": "Content Sharing",
          "generation": "markdown"
        },
        {
          "nameUrl": "6_glossary.html",
          "title": "Glossary",
          "generation": "markdown"
        },
        {
          "nameUrl": "7_change-log.html",
          "title": "Change log",
          "generation": "markdown"
        },
        {
          "nameUrl": "8_open-issues.html",
          "title": "Open Issues",
          "generation": "markdown"
        }
      ]
    },
    "parameter": [
      {
        "code": "path-resource",
        "value": "input/capabilities"
      },
      {
        "code": "path-resource",
        "value": "input/examples"
      },
      {
        "code": "path-resource",
        "value": "input/extensions"
      },
      {
        "code": "path-resource",
        "value": "input/models"
      },
      {
        "code": "path-resource",
        "value": "input/operations"
      },
      {
        "code": "path-resource",
        "value": "input/profiles"
      },
      {
        "code": "path-resource",
        "value": "input/resources"
      },
      {
        "code": "path-resource",
        "value": "input/vocabulary"
      },
      {
        "code": "path-resource",
        "value": "input/maps"
      },
      {
        "code": "path-resource",
        "value": "input/testing"
      },
      {
        "code": "path-resource",
        "value": "input/history"
      },
      {
        "code": "path-resource",
        "value": "fsh-generated/resources"
      },
      {
        "code": "path-pages",
        "value": "template/config"
      },
      {
        "code": "path-pages",
        "value": "input/images"
      },
      {
        "code": "path-tx-cache",
        "value": "input-cache/txcache"
      }
    ]
  }
}