[
  {
    "id": "hl7.fhir.uv.fhircast",
    "type": "ImplementationGuide",
    "url": "http://hl7.org/fhir/fhircast/ImplementationGuide/hl7.fhir.uv.fhircast",
    "version": "current",
    "name": "FHIRcast"
  },
  {
    "id": "FHIRcastCapabilityStatement",
    "type": "StructureDefinition",
    "url": "http://hl7.org/fhir/fhircast/StructureDefinition/FHIRcastCapabilityStatement",
    "version": "current",
    "name": "FHIRcastCapabilityStatement"
  },
  {
    "id": "fhircast-configuration-extensions",
    "type": "StructureDefinition",
    "url": "http://hl7.org/fhir/fhircast/StructureDefinition/fhircast-configuration-extensions",
    "version": "current",
    "name": "FHIRcastConfigurationExtension"
  },
  {
    "id": "fhircast-observation",
    "type": "StructureDefinition",
    "url": "http://hl7.org/fhir/fhircast/StructureDefinition/fhircast-observation",
    "version": "current",
    "name": "FHIRcastObservation"
  }
]