<?xml version="1.0" encoding="UTF-8"?><Bundle xmlns="http://hl7.org/fhir"><type value="collection"/><entry><resource><OperationOutcome><issue><extension url="http://hl7.org/fhir/StructureDefinition/operationoutcome-issue-source"><valueCode value="Publisher"/></extension><severity value="error"/><code value="not-found"/><details><text value="Supressed messages file not found"/></details><expression value="ImplementationGuide.definition.parameter[23].value"/></issue><issue><extension url="http://hl7.org/fhir/StructureDefinition/operationoutcome-issue-source"><valueCode value="Publisher"/></extension><severity value="error"/><code value="not-found"/><details><text value="The image source &#39;Denied%20Webhook%20Subscription%20Sequence.png&#39; cannot be resolved"/></details><expression value="C:\LocalDevelopment\fhircast-docs\output\2-3-subscribing.html#/html/body/div/div/div/div/div/div/figure/img at Line 381, column 8"/></issue><issue><extension url="http://hl7.org/fhir/StructureDefinition/operationoutcome-issue-source"><valueCode value="Publisher"/></extension><severity value="error"/><code value="not-found"/><details><text value="The image source &#39;Denied%20Websocket%20Subscription%20Sequence.png&#39; cannot be resolved"/></details><expression value="C:\LocalDevelopment\fhircast-docs\output\2-3-subscribing.html#/html/body/div/div/div/div/div/div/figure/img at Line 402, column 8"/></issue><issue><extension url="http://hl7.org/fhir/StructureDefinition/operationoutcome-issue-source"><valueCode value="Publisher"/></extension><severity value="error"/><code value="not-found"/><details><text value="The image source &#39;Successful%20Subscription%20Sequence.png&#39; cannot be resolved"/></details><expression value="C:\LocalDevelopment\fhircast-docs\output\2-3-subscribing.html#/html/body/div/div/div/div/div/div/figure/img at Line 489, column 8"/></issue><issue><extension url="http://hl7.org/fhir/StructureDefinition/operationoutcome-issue-source"><valueCode value="Publisher"/></extension><severity value="error"/><code value="not-found"/><details><text value="The image source &#39;Successful%20WebSocket%20Subscription%20Sequence.png&#39; cannot be resolved"/></details><expression value="C:\LocalDevelopment\fhircast-docs\output\2-3-subscribing.html#/html/body/div/div/div/div/div/div/figure/img at Line 564, column 8"/></issue><issue><extension url="http://hl7.org/fhir/StructureDefinition/operationoutcome-issue-source"><valueCode value="Publisher"/></extension><severity value="error"/><code value="not-found"/><details><text value="The image source &#39;Request%20Context%20Change%20Flow.png&#39; cannot be resolved"/></details><expression value="C:\LocalDevelopment\fhircast-docs\output\2-5-requestContextChange.html#/html/body/div/div/div/div/div/div/figure/img at Line 166, column 8"/></issue><issue><extension url="http://hl7.org/fhir/StructureDefinition/operationoutcome-issue-source"><valueCode value="Publisher"/></extension><severity value="error"/><code value="not-found"/><details><text value="The image source &#39;FHIRcast%20overview%20for%20abstract.png&#39; cannot be resolved"/></details><expression value="C:\LocalDevelopment\fhircast-docs\output\2_specification.html#/html/body/div/div/div/div/div/div/figure/img at Line 166, column 8"/></issue><issue><extension url="http://hl7.org/fhir/StructureDefinition/operationoutcome-issue-source"><valueCode value="Publisher"/></extension><severity value="error"/><code value="not-found"/><details><text value="The image source &#39;/img/FHIRcast%20WebSub%20security%20sequence.png&#39; cannot be resolved"/></details><expression value="C:\LocalDevelopment\fhircast-docs\output\4-3-security-considerations.html#/html/body/div/div/div/div/div/p/img at Line 215, column 5"/></issue><issue><extension url="http://hl7.org/fhir/StructureDefinition/operationoutcome-issue-source"><valueCode value="Publisher"/></extension><severity value="error"/><code value="not-found"/><details><text value="The image source &#39;/img/WebSub%20security%20sequence%20flow.png&#39; cannot be resolved"/></details><expression value="C:\LocalDevelopment\fhircast-docs\output\4-3-security-considerations.html#/html/body/div/div/div/div/div/p/img at Line 242, column 5"/></issue><issue><extension url="http://hl7.org/fhir/StructureDefinition/operationoutcome-issue-source"><valueCode value="Publisher"/></extension><severity value="error"/><code value="not-found"/><details><text value="The image source &#39;/img/PatientOpenAndClose.png&#39; cannot be resolved"/></details><expression value="C:\LocalDevelopment\fhircast-docs\output\4-4-multitab-considerations.html#/html/body/div/div/div/div/div/p/img at Line 190, column 5"/></issue><issue><extension url="http://hl7.org/fhir/StructureDefinition/operationoutcome-issue-source"><valueCode value="Publisher"/></extension><severity value="error"/><code value="not-found"/><details><text value="The image source &#39;/img/MultiplePatientOpens.png&#39; cannot be resolved"/></details><expression value="C:\LocalDevelopment\fhircast-docs\output\4-4-multitab-considerations.html#/html/body/div/div/div/div/div/p/img at Line 195, column 5"/></issue><issue><extension url="http://hl7.org/fhir/StructureDefinition/operationoutcome-issue-source"><valueCode value="Publisher"/></extension><severity value="error"/><code value="not-found"/><details><text value="The image source &#39;Basic%20Content%20Exchange.png&#39; cannot be resolved"/></details><expression value="C:\LocalDevelopment\fhircast-docs\output\4-6-content-sharing.html#/html/body/div/div/div/div/div/div/figure/img at Line 228, column 8"/></issue><issue><extension url="http://hl7.org/fhir/StructureDefinition/operationoutcome-issue-source"><valueCode value="Publisher"/></extension><severity value="error"/><code value="not-found"/><details><text value="The image source &#39;Open%20Report.png&#39; cannot be resolved"/></details><expression value="C:\LocalDevelopment\fhircast-docs\output\4-6-content-sharing.html#/html/body/div/div/div/div/div/div/figure/img at Line 277, column 8"/></issue><issue><extension url="http://hl7.org/fhir/StructureDefinition/operationoutcome-issue-source"><valueCode value="Publisher"/></extension><severity value="error"/><code value="not-found"/><details><text value="The image source &#39;Share%20Content.png&#39; cannot be resolved"/></details><expression value="C:\LocalDevelopment\fhircast-docs\output\4-6-content-sharing.html#/html/body/div/div/div/div/div/div/figure/img at Line 291, column 8"/></issue><issue><extension url="http://hl7.org/fhir/StructureDefinition/operationoutcome-issue-source"><valueCode value="Publisher"/></extension><severity value="error"/><code value="not-found"/><details><text value="The image source &#39;Advanced%20Quantification.png&#39; cannot be resolved"/></details><expression value="C:\LocalDevelopment\fhircast-docs\output\4-6-content-sharing.html#/html/body/div/div/div/div/div/div/figure/img at Line 303, column 8"/></issue><issue><extension url="http://hl7.org/fhir/StructureDefinition/operationoutcome-issue-source"><valueCode value="Publisher"/></extension><severity value="error"/><code value="not-found"/><details><text value="The image source &#39;colorful%20overview%20diagram.png&#39; cannot be resolved"/></details><expression value="C:\LocalDevelopment\fhircast-docs\output\index.html#/html/body/div/div/div/div/div/div/figure/img at Line 185, column 8"/></issue></OperationOutcome></resource></entry><entry><resource><OperationOutcome><extension url="http://hl7.org/fhir/StructureDefinition/operationoutcome-file"><valueString value="C:\LocalDevelopment\fhircast-docs\fsh-generated\resources\ImplementationGuide-hl7.fhir.uv.fhircast"/></extension><issue><extension url="http://hl7.org/fhir/StructureDefinition/operationoutcome-issue-source"><valueCode value="Publisher"/></extension><severity value="warning"/><code value="business-rule"/><details><text value="The resource should declare its jurisdiction to match the package id (hl7.fhir.uv.fhircast, jurisdiction = http://unstats.un.org/unsd/methods/m49/m49.htm#001: World) (for sushi-config.yaml: &#39;jurisdiction: http://unstats.un.org/unsd/methods/m49/m49.htm#001 &quot;World&quot;&#39;)"/></details><expression value="ImplementationGuide.jurisdiction"/></issue></OperationOutcome></resource></entry><entry><resource><OperationOutcome><extension url="http://hl7.org/fhir/StructureDefinition/operationoutcome-file"><valueString value="C:\LocalDevelopment\fhircast-docs\fsh-generated\resources\structuredefinition-FHIRcastCapabilityStatement"/></extension><issue><extension url="http://hl7.org/fhir/StructureDefinition/operationoutcome-issue-source"><valueCode value="InstanceValidator"/></extension><severity value="warning"/><code value="structure"/><details><text value="value should not start or finish with whitespace &#39; not(f:kind/@value=&#39;instance&#39;)...exists(f:software))&#39;"/></details><expression value="StructureDefinition/FHIRcastCapabilityStatement: StructureDefinition.snapshot.element[0].constraint[6].xpath"/></issue><issue><extension url="http://hl7.org/fhir/StructureDefinition/operationoutcome-issue-source"><valueCode value="Publisher"/></extension><severity value="error"/><code value="business-rule"/><details><text value="The resource must declare its jurisdiction to match the package id (hl7.fhir.uv.fhircast, jurisdiction = http://unstats.un.org/unsd/methods/m49/m49.htm#001: World) (for sushi-config.yaml: &#39;jurisdiction: http://unstats.un.org/unsd/methods/m49/m49.htm#001 &quot;World&quot;&#39;)"/></details><expression value="StructureDefinition.jurisdiction"/></issue><issue><extension url="http://hl7.org/fhir/StructureDefinition/operationoutcome-issue-source"><valueCode value="Publisher"/></extension><severity value="warning"/><code value="business-rule"/><details><text value="The Implementation Guide contains no examples for this profile"/></details><expression value="StructureDefinition.where(url = &#39;http://hl7.org/fhir/fhircast/StructureDefinition/FHIRcastCapabilityStatement&#39;)"/></issue></OperationOutcome></resource></entry><entry><resource><OperationOutcome><extension url="http://hl7.org/fhir/StructureDefinition/operationoutcome-file"><valueString value="C:\LocalDevelopment\fhircast-docs\fsh-generated\resources\structuredefinition-fhircast-configuration-extensions"/></extension><issue><extension url="http://hl7.org/fhir/StructureDefinition/operationoutcome-issue-source"><valueCode value="Publisher"/></extension><severity value="error"/><code value="business-rule"/><details><text value="The resource must declare its jurisdiction to match the package id (hl7.fhir.uv.fhircast, jurisdiction = http://unstats.un.org/unsd/methods/m49/m49.htm#001: World) (for sushi-config.yaml: &#39;jurisdiction: http://unstats.un.org/unsd/methods/m49/m49.htm#001 &quot;World&quot;&#39;)"/></details><expression value="StructureDefinition.jurisdiction"/></issue><issue><extension url="http://hl7.org/fhir/StructureDefinition/operationoutcome-issue-source"><valueCode value="Publisher"/></extension><severity value="warning"/><code value="business-rule"/><details><text value="The Implementation Guide contains no examples for this extension"/></details><expression value="StructureDefinition.where(url = &#39;http://hl7.org/fhir/fhircast/StructureDefinition/fhircast-configuration-extensions&#39;)"/></issue></OperationOutcome></resource></entry><entry><resource><OperationOutcome><extension url="http://hl7.org/fhir/StructureDefinition/operationoutcome-file"><valueString value="C:\LocalDevelopment\fhircast-docs\fsh-generated\resources\structuredefinition-fhircast-observation"/></extension><issue><extension url="http://hl7.org/fhir/StructureDefinition/operationoutcome-issue-source"><valueCode value="Publisher"/></extension><severity value="error"/><code value="business-rule"/><details><text value="The resource must declare its jurisdiction to match the package id (hl7.fhir.uv.fhircast, jurisdiction = http://unstats.un.org/unsd/methods/m49/m49.htm#001: World) (for sushi-config.yaml: &#39;jurisdiction: http://unstats.un.org/unsd/methods/m49/m49.htm#001 &quot;World&quot;&#39;)"/></details><expression value="StructureDefinition.jurisdiction"/></issue><issue><extension url="http://hl7.org/fhir/StructureDefinition/operationoutcome-issue-source"><valueCode value="Publisher"/></extension><severity value="warning"/><code value="business-rule"/><details><text value="The Implementation Guide contains no examples for this profile"/></details><expression value="StructureDefinition.where(url = &#39;http://hl7.org/fhir/fhircast/StructureDefinition/fhircast-observation&#39;)"/></issue></OperationOutcome></resource></entry></Bundle>